PC1,PC2,PC3
-0.19329054649819952,0.3050999634513982,-0.14087845041884153
-0.43441989594550423,0.3284126225401706,0.31900661559968185
-0.8111432343605394,-0.8150957011888899,1.5234156172209194
0.7786478319236186,-0.6527537339093722,0.16301227021532905
-0.1662872588800198,-1.271433718314264,0.06627939350226882
0.15616993189775133,0.29514098804142946,0.14761194126833796
0.33528840427759693,0.5250032583063668,-0.30319512695418
-0.14058643405115312,0.23099268712632676,0.39001042743456926
0.5173195409242916,0.6593628266136783,0.1825098560046045
-1.592109081907703,0.7410113322068784,0.2102973729866657
-0.6380859453842901,0.4018252009827568,0.49567352746457904
0.9276925789464369,0.21928724226791543,-0.2580303395306127
-0.9913621763904912,-0.6859108075964467,-1.1270600495717225
-0.850246760283154,0.0856919642257348,-0.94969877214477
-0.8450437935268571,-0.15472432536931827,-0.8755623265096306
0.9515853747804032,0.4959084979460207,-0.1293963516072295
-0.5575587167513222,1.026122720541787,0.4457917378131768
0.35253859798857784,-0.20707590990608063,0.9929454393118431
-0.31657856312201227,-0.4420662920478221,-0.1651790539739859
0.3237557369900896,0.7035869463196527,-0.04139128784230306
0.32000059737195224,-0.15662814687056795,-0.2733518740565647
1.1184472015759508,0.23052751899310525,0.3464751127347766
0.17669454461938858,-2.1437169897249806,-0.4615228665038168
-4.685654205577525,-3.598678382684395,1.9905510501956714
-1.2450420797429516,-1.0556596612741724,0.02084298472638688
0.15411402588073586,0.5228936248345413,-0.6872272637729947
1.0396235408198569,0.03647965112587512,0.10339587649960202
1.097527180260023,0.24298196589573984,-0.3340892800623387
-3.122091603288945,0.33007492179374853,0.8724357252721682
0.7799399388366396,-1.0731733411860853,-2.116771172634561
-0.07458318838806764,-0.26650391076292546,-0.2740312270138546
0.7291893279631076,0.44480925579423997,0.5690628315419642
0.9622304278035114,0.01898919555677283,-0.8534867920470259
0.3497709032945119,-1.18059452915645,-1.0386381241089626
1.06908233484517,0.8015969195696581,0.46977375184145465
-0.1672476763371407,1.074396895924279,0.3652936675650768
0.17213677330079,-1.2670063771205422,-0.5522493366288155
-0.972688571028327,0.3681751789363514,-0.5131955112823103
-1.5846641704799662,1.1292469229805406,0.026376147958125297
0.7793956704253283,-3.160419943833683,-2.2116951847812563
0.011398781782536348,-2.2164688785695343,0.3448436394521163
0.23289017820356622,-0.4138253877091326,-0.2528910221232841
-0.8557236542714337,0.9796731395308346,-0.4877003120407807
-1.9458622105746572,1.5666979736395141,0.04688550097360811
-0.28130874132285716,0.7956954109737735,-0.2831386490607626
-2.81349689439191,0.09887393332108385,0.8831641325743287
-1.8653198118952616,0.8936047737145992,0.30290927121141537
-9.538116129221004,-1.507637101041918,-1.7509303761952435
-0.4300766673640298,0.5033835312524046,-0.16409993107800291
-3.5979048535172207,1.2393664051206739,-0.07949839941658665
0.9287053254526896,-0.1345239500353263,0.6106478270373777
0.5094453715480776,0.8707883510719288,0.25957120161412045
0.2507127553407992,-0.8623814102169968,-1.9692817389907118
-0.7002834808423567,1.1559072168946387,0.3317966026596271
0.9679267978278153,-0.712936867864034,-0.935148882089649
0.5138382981045401,0.5387312359733726,0.32640933982782616
-4.599755905903981,1.236375898306763,0.013436603904846184
-0.9251660720874919,0.9447766607259436,0.13730210756228817
1.089607528563497,0.23657737337639098,-0.2914226489739592
0.04758853208031282,0.6191651922444893,0.2728818466866056
0.22732589920797028,0.8449040817853899,-0.18809214598450533
-8.43092530729673,0.5923692911126319,-2.4451985432103034
-0.03241065793351784,0.17574736360292723,0.18972016414760778
-1.428118182989708,0.48408375275668863,-0.06069682817690785
0.864287285963407,0.17996637426384204,0.48185598596724255
-5.81057939125111,2.454931720153495,-0.2833228172347256
0.4837299209851173,1.2057051738471585,0.34026122364862266
-0.6144708497084173,0.21694580418624615,-0.8237064000253254
0.23876815072086774,-0.4241168692642795,1.1263185456643225
1.0412656228559631,0.5005082069890007,0.008687506581404299
0.8046053821769102,-1.30128505053345,0.048805554127698825
-1.8012817588918906,-2.548620576691648,1.8646507242342747
0.6343489130953575,-0.3314573722304962,0.5504604596741756
0.228969665316045,-0.9075207544573798,-0.43674696214289355
-0.0306485838720576,0.3084683606817532,0.2381817223788567
1.1671094281572314,-0.6448422228642464,-0.4581954315382671
0.5679203181643916,-0.10052206736490751,0.8375273808802043
-2.752948663737721,1.091002959506078,-0.6304367803545321
1.1324412991145762,0.24093545831068738,-0.10595905783919563
0.6903938253158394,0.5603432735191751,0.6851864685511877
1.0633403305648015,0.5782871124545944,0.11947384218196772
-1.0489486258925742,1.4105491433521289,0.21614151450663702
-0.558090720901831,0.25997062001741916,0.14590168403796025
1.0023082203946576,-0.3134104725283854,-0.6358075954256389
0.4084305122518006,0.5265625789413955,-0.33411837126175925
-12.653002077266354,2.715205909410655,-1.7987830908845845
-8.420988796246254,0.4468577683294913,-1.107631510973517
-1.075685457488835,-4.069341799774193,0.5234955513806375
1.0142889011721106,-0.5488453051671148,0.3152953502695692
0.39089963728732424,-1.0302463917012692,-0.42526379885180077
1.1957476379351282,0.009482585444406307,-0.058338715329514644
0.7890259365377512,-0.837102896228979,0.18398099231389406
-5.228908864734286,0.43653529198778507,0.30089544043511063
0.4449006342028547,-4.417973550645449,1.5626312254693824
-0.7642179442662275,0.951920503020565,0.01864466623605974
0.7631789623000093,0.8430016771663449,0.5946914862730748
0.29766813902322253,1.1952336242717094,0.36284357101973375
1.3762252057314972,0.8340005621745528,0.5085274591870884
1.3685347634447849,0.8065126032213129,0.5162434443961752
1.0301167904853328,-0.20571102308688216,0.13714436809728825
-1.129468731267421,0.04340041258159016,0.13348813020808373
-1.3018099312040792,0.8521348174451642,0.5191451890524196
-0.17869599905766886,0.5471844208257601,0.4986258818976038
-0.12073486799577011,-3.9362605228292273,-2.092727782171574
0.8035656359037834,0.2034020165979234,-0.31934703173236595
0.9361259471303283,-0.005368741565945866,-0.2527482256588451
-0.6230407533913294,1.0042899330565516,0.48699555436345776
-1.4581964075716098,0.6034291465105361,-0.04584149510967447
0.0011339575991680397,0.7808754965195185,0.5586435022886237
-1.6607422372651766,1.1083113473421762,0.2177580112776313
0.9993050300761195,-0.10877980729369963,0.1201902870743632
-1.369544477218649,0.5422803621719068,-0.2901986607949426
0.6452410369277809,-1.4137408532381515,0.08609615950726333
0.8898924297400099,-0.30628002378074104,-0.03657661047376615
1.0380631323743492,-0.32755466301903124,-0.34740616342616226
1.0604730770387318,0.08537624272995958,-0.03738744556456383
0.953151803511421,0.2921899427764361,-0.1471362525915784
0.6580705275837639,0.29902985520293995,0.2888074322652253
0.9154106186247307,-0.6910657771957802,-0.44156097065270206
0.9933467672078824,0.021237753229674257,0.21821859159804677
0.9525076609630898,-0.22656873985323925,-0.33656342616594187
1.0311491458307502,0.43543979475117556,0.3795737578468382
1.2824639342639343,0.03785640967493521,-0.05318842112387748
-0.18195802371095643,0.3013640683270125,-0.17914147294363464
0.7778307579496584,-1.3960105493104131,-1.374291451703986
0.159311412254667,-4.372938877478551,-3.6968785532837347
0.9817230448586678,-0.9489340971624203,-0.3575782031124558
-0.3337770191828952,-0.3391344731723547,-0.46670555552585424
0.4414891353632422,0.9419274997969068,0.49590676887819723
0.9233482589955376,-1.325343704594307,-1.839715324766151
1.014489122225554,-0.30320014582849814,0.443412826769037
1.3446217914178256,0.7653053419559712,0.4352117585259439
0.956375733809741,0.2625632066273965,-0.4143136134906938
1.2000597903156285,0.45115186037271343,-0.029094412046552987
1.096222114093062,0.46938946383809027,0.14126433240398414
1.1146844061953056,0.5171521402345154,0.17456454744136946
-0.09183687126192495,0.04681562659525849,0.5784257921436124
0.24698895451871986,0.8064430121143952,0.28421024091124425
0.466533315519315,-0.17767560336673024,0.2146281043856028
0.6989880039532498,0.4842816164247035,0.3418403685808338
0.26587305955698254,-0.42614159320303274,-0.13784779918834072
-0.0834093690189906,-0.6861864928495417,-1.1232550384807147
0.2611670457823026,-0.9281486696297073,-1.8060980130029411
1.0703593539261052,-0.5832726085782395,0.18989432307079163
0.9179990640335737,0.129403851765189,-0.6754469477209762
-3.2063775447177547,0.3466800297778423,-0.7795390513378367
1.0870836683830052,0.43137263539158255,0.1208482352964358
0.8230466308291758,0.37101103545405206,0.019871196811395556
1.2434943855851706,0.13115398634263886,0.34006526146351196
0.9902618927895697,-0.7224541902485712,-1.2578229811275954
1.033034035696434,-0.010601576247364443,-0.3227744533890924
0.8881057022516631,0.51917210545668,0.7641540790044435
1.008437596600897,-0.19664505277521718,-0.6006836983808442
0.4266570167910082,0.36440428151742227,0.6493719969055557
1.4367096184521513,0.9152548145820247,0.4636177693568885
-2.0574035889791653,1.2517433108455875,0.31609371945873715
-0.9126127627573729,0.7083776138920392,0.5401873113445005
0.9752505973054748,-0.22698087680854123,-0.4803094328491264
-0.2484739666838348,0.7008964979019678,0.4932617922643915
-0.974702268665415,1.4029442917855377,0.21333564754790302
-0.31349236349301335,0.7814601168540609,0.5782414578369214
1.1451372695613034,-0.10827121267865576,0.1577972336569521
0.9111583056990674,-0.08087324880203392,-0.29722179205838123
-3.013393493710266,1.3126536703002782,-0.2554300764751599
-0.12128141138536785,0.6124059953962354,0.1616972079569337
-1.822466224840167,-0.1421065135303903,-0.2244319800001099
-0.5238450014616225,0.3044052441291419,0.711737927288967
0.748948884052807,0.757183756082313,0.3971469453157754
1.268803475709204,0.46342502365225574,0.2528032784515185
1.1511655675045567,0.316134709882985,0.3596111398281294
-0.856779440406019,1.2256858033186064,0.30219625825070506
-3.238021096100708,0.224516313668222,1.4088863776278349
0.25321582535468234,0.9328179024872063,0.472053453667433
-1.5306586399102415,1.4278478125731138,0.190734759078051
0.8719552890927037,0.4384042818032968,0.7886780000752621
-0.4928383904582974,0.8611642095422132,0.4762527033165814
0.11069513408553941,-1.8228000857210236,-2.181441254578122
0.33853892761296467,-0.2865741470885882,0.2418105867796529
0.530429936367606,0.27729279206888585,-0.09281009292164016
0.6589951453855821,-0.1355837742938548,0.8687364796074825
0.012851370270718249,0.025870922363867857,0.14911199120650268
-3.726959465083182,-7.167538561853769,-4.610100568436204
-0.6357630879762979,1.2732763086427292,0.25364872500230895
-7.797940310047487,-13.94908417536211,8.515129942022488
1.0569114240687947,1.0053397349667923,0.42860983641525907
0.8280078930178174,0.23759519480407426,0.13969997867981512
1.1425615999017154,0.31509849419780284,0.5374496861755229
-0.2105412311046582,0.30380698526292904,0.42961554618540393
-0.7044277099694431,0.6545025475538371,-0.10611432638494342
-0.7391186258513794,0.8110770134803101,0.6504746196396063
0.7163786114112976,-0.7269011470421052,-0.2814216528833597
1.2794530164705502,0.2739257389927646,-0.34151871678901724
1.1260305555577004,0.6060699824563035,0.2235759594548342
-0.7591651671346621,1.276714121857849,0.28444328384915574
1.0228883710921173,0.40063398560506336,0.24994796300118427
0.420393397516331,-1.0294057655036466,-0.004319965453467314
-0.021617446123945953,-3.168049217311285,-0.2638060283051008
-0.35204031536275954,0.7550694613226091,0.47523825608623893
0.6712188613505655,0.0049935820735080485,-0.06851489361186537
1.040817386709254,0.4468262473918535,-0.054339295977321116
-2.2006034484556722,0.9347510447457311,0.1440049403143477
-2.959925735215206,0.9953256147546886,0.08432329692148091
-0.751785892771492,-1.9365927306259554,0.3189010561178641
1.1492512621253903,0.9410687652389337,0.43682035379880696
0.9297056876472102,0.5271321067951739,0.6202641152594018
-1.9961840966609241,1.3841034926543845,0.15824104353890966
1.2486628870961283,0.5435062964056535,0.16352597280793627
0.06897533393711236,0.7764047449020652,0.28524877637416324
0.3346598030881676,0.7361901915529198,0.48750160994038033
-2.0399939833499063,1.2468314173965762,-0.11850734745720949
0.932880789115272,-0.41542691112324,-0.24365476440558448
-5.643833221292761,0.664664295222341,-0.34679545865346223
1.0301629707853395,0.1983042557685316,0.387390219217527
-0.04217697939445461,0.670036874259918,0.4247363601446637
-0.4980720063205894,1.015128664629958,0.2830650007294544
-1.1968855008185215,0.6623921444447357,0.5590452772358839
-3.6034451974863804,1.788728240883469,-0.1913805483638603
1.0144427944803647,-0.3084291674350439,-0.36597149772658844
-1.1579710068014295,0.05342148161207527,1.4825722101399779
1.2817611579047743,0.4845341599052297,0.3272096742394204
1.1614482381823972,-0.008772893785452306,-0.2538043035869282
-0.2713317549639856,0.9730405504088254,0.022271085892063197
1.0379825830180403,-0.22735552512072868,0.4912612276616301
0.6658512941095052,-0.0224436863105822,0.7187292255245014
1.2141384772260295,0.44889026628099526,0.17066999822649873
0.7530069099408558,0.26466010362070963,-0.1868019976207721
-0.06847636650837785,-0.20532241048895286,-0.6121096203609647
1.0662222163166493,0.3831443601984637,0.4457165339920397
0.7930967233085477,0.9735779918943533,0.3152252649862132
0.8297738343411801,-0.40504369315769706,0.3522902038452305
0.24395216928814922,-0.873840390079507,0.44997864700744034
0.18356335666970106,0.6055854503263619,0.4930136059627587
0.8865129451455097,-0.3101826908175646,-1.027373405848636
0.8217601209559151,0.8073416150192821,0.46573493221408796
0.6581343525178472,-0.6516359620257482,0.09993394371997476
0.6242308555680123,0.7037729875810282,0.46741593524486547
1.0855890734440155,0.31757670344317224,0.0324326027688048
0.9107084997376249,-0.6651736749070726,-0.2808441753561249
1.3186337507080845,0.4712343545824438,0.10349355368238514
0.5222762172756246,-2.025089174527238,-1.986862807119351
0.29808491536696496,-1.7854914047357862,-0.08389013145919288
0.9214341154874289,-0.5184133707858197,-0.8512155564403578
1.0069885454231882,-0.3190074099588913,-0.47030067543748433
0.42730238475847065,0.11044128213388693,0.1692873929587341
-0.350993038560223,0.4365476151441652,0.362120518937474
-1.1384006639955144,0.9184864349207198,0.4661059276557941
1.0132682267813564,0.2687757060526465,0.09552594688783411
1.2668938142884683,0.009421546401402997,-0.1768000931536212
0.7420382160800095,0.1301201421832007,-0.38026805819553505
0.820950281128349,-0.19877744927261176,0.25228340056356435
1.0776679672174887,0.48949573742823943,0.480291346900144
-4.9927276614880585,0.17933623812099392,0.5811547448765502
0.7501008170046346,-0.5350971205827594,0.6276023362624333
-0.4398521398094658,-0.39631054334079296,-1.262033727177076
-0.7162757485085587,-0.7053648764997591,0.6617367757251376
1.1175423303808614,-0.8662034047572642,-1.3145911576821108
0.642402859176923,0.4081594366717342,-0.1565840985476948
0.613211952359735,-0.011609145293123124,0.21498176481583658
0.3510755988001065,-2.7770951420665853,-2.259116429487595
0.24317312787583162,-1.690495129710217,-2.7280821454872815
0.7878113571716748,0.4466739136266831,0.016628949620005426
1.175085662678593,-0.2820137074314798,0.29482632142567783
1.053203355294073,-0.22934889246716672,-0.8569020507317934
0.5405925962033794,0.4870400748899554,0.4478093135004296
-1.0095331558264058,1.1203058551542562,0.4011266895495379
-1.665969679585359,-1.2377231525340664,1.183137690204504
-1.4360589465785765,0.6805125446288647,0.7093738901773107
0.6879201640411488,-1.007964058530717,-0.06216584828280051
-1.200679203962806,0.749139114915419,-0.43874942123075156
1.230439946295026,-0.006918633015093826,-0.3676952010634387
1.2160238151722145,0.06359671760796781,0.40162855502746747
0.8152665926255136,0.42004294264699504,0.71519220340276
0.3090856477503754,0.6927550392264692,0.6676029821790012
0.776394129447961,-1.520252812502926,-1.3487524204787489
1.0151648685241152,0.6625415895507187,0.6562319567957741
1.2649675536768652,0.7357666814197783,0.5670515828101107
0.31893605784896817,-1.131153092569931,-0.7290208402113707
1.0574033381261878,-1.5516143252489045,0.5475710548405133
0.8696914715670055,-0.4997127332000962,0.20803926480316903
-0.2380081986898985,0.027005994754879904,-0.4112858174041658
0.9535066297885224,0.5026650411343381,0.5166157741135753
0.04266418269673772,0.0694667183817979,0.06114781237696934
0.4274473318490043,-2.027455485547079,-2.2190067201989905
0.7089654571127454,-1.6659949994418262,-0.5220010871188212
-0.2668011049331075,-3.27301871501144,-3.2947203254626625
0.9870804400830275,-0.7949713117369436,-2.0941717715012524
1.0177121481005313,0.483983811482734,0.09354992358876658
0.8499792447209753,-0.889310373123825,-0.013875546064714899
1.1923535846151219,0.15477966232874027,-0.488264490171374
1.2381399146322487,-1.0109295615392473,-2.199118204396152
0.8725815339936576,0.5694038330532972,0.5880308639516106
0.8746540328319876,0.28350329748641456,0.3174720318765597
0.7224201509851117,0.23414790094174473,0.6087951520199272
-0.9025391627991965,0.9225642973788248,0.19311427017601185
0.56608580776801,-0.2636115054128362,-0.5703389865096776
0.6869338908363347,0.7126213405398611,-0.03199038584231517
0.8768133745926493,-0.31255490716472684,-0.49873926555495846
0.2733661180217439,0.6040913247344646,-0.026913365109865754
-0.13886722587823572,0.7096221586862318,0.0871858069024144
1.2022794386281712,0.8894069023221074,0.5053978019675704
0.05560213473138984,-0.0297318870409577,-0.2512642781272723
-1.836369816841477,1.1034303084217987,-0.11458498441082174
-0.3166493168183564,1.1094215399489085,0.1851039309568012
-0.8422385069509706,1.4799286234206555,-0.05299200563054699
-2.1870484634688463,1.3629749120279755,0.4025389841549955
-0.5216058099595922,1.0013837405147474,0.44682075337674876
-1.8624610873894911,0.7636981273998333,0.08244732486221083
0.9115352904934352,-0.04846865160239075,-0.4221265882965932
1.0790022026261712,0.5369680685177067,0.15541862937896267
-1.7800845916617891,0.9256374219788808,0.46396242834481166
0.9068509993267952,-1.091841454674808,0.6947485054143514
0.5897956228304866,-0.5721243863695683,-1.3569643791820298
-1.9982109582008527,1.845362089916342,-0.24132658919620523
1.1109345362354102,-0.03596140472791212,0.06531215388067585
0.5949006835130518,0.24230871928434922,0.0047979638951888845
-1.1518807981140458,0.4001246247568682,0.9576802788487732
1.0620402457291205,0.14797779736807218,0.3217054703969945
0.598679594402622,0.5878350142682025,0.6971229891625857
0.8875387214660767,0.2426370094114783,-0.20910407065226616
-3.0949864376887666,0.7630828149611064,-0.13400553933509118
0.9243643216027729,0.6701917945323058,0.5570145818599354
0.8137204291540459,0.09667876792573636,0.16890613650388273
0.9159749693601419,-0.09942554722120081,-0.4156528989377581
0.37728397074116526,0.43179893613728676,-0.39074712962313685
0.8122298704514673,-0.6244465673436312,-0.8820665313031997
-2.0143559645133724,-9.005487324170293,1.6250004113265974
1.0770575690123514,0.2001766146323953,0.48644742998537494
1.2231022550691295,0.8021814617716408,0.5639911345468939
0.7834469157648506,-0.982880053258043,-0.04061987015597129
0.8706025649211345,0.03815595582072382,0.44375342820073344
0.8257549863194473,-0.0273402214052981,0.14761690903120797
-2.5396628584770555,0.8884416838712578,-0.429827056799534
0.7781506645941579,-0.7310766310545025,-0.36459524055084236
-7.548581006512371,3.3798889954892495,-1.6364584951329773
0.6924196098584269,-1.7843081489013097,0.45937145371139054
-0.47774211099969105,-0.4269518971160803,-0.977488409696084
1.1208739705751256,0.15651564423501446,-0.2359221833864247
0.9490819225961626,-0.577097802634077,0.3300069744533562
0.7855029429028723,-1.009840106931741,1.0988246670446635
0.6928207191351484,-0.6154784831417288,0.9786295984226107
-0.39822620644009576,1.1331270099799584,0.4600690015319993
-0.4595273571217717,0.7549484110358164,0.5523560380954718
0.015197864472189505,0.930373045742675,0.5922436925343627
-2.4737144574948893,1.8449947449077806,-0.2332772698392902
1.1669352115613298,0.4991910670983213,0.4409584809018199
0.2747386510771204,1.1001759507973106,0.31103818063386834
-0.9045139247959967,0.8100256592978073,0.3196053548345357
-0.5740928256715139,-0.3748977087824878,-1.1802198479294195
0.9329100113925178,0.5867547245463647,0.415761555022545
-2.3696196477005578,1.1733709525156761,-0.19113667638766588
1.1117417258871032,0.42623574948709203,0.5066678421147501
-2.404948772447742,1.025837243435949,0.5366739803566516
1.2398122447257613,0.8012696400017238,0.5173677411392176
-1.4045824818578527,1.4387214379716042,0.26910711486501293
0.2760915223531462,-0.8332054247534316,0.26167889221525203
1.2413755587815747,0.9213390757320009,0.49881429132462535
1.2705894341702413,-0.4915085456714643,-0.7415486980232638
-0.7883892473604908,1.6017419252171479,0.08699321509429365
-0.5186698092816263,-0.7423295318460527,1.5579402761909595
0.7886830192070062,0.7138257252399939,0.6237647062192352
0.9259638184074207,-0.2692746623529006,-0.5924525537756195
1.273071805721073,0.5428884644129329,0.30654655945302134
1.0888874111813605,0.692881624282515,0.4973142557279387
0.9097699242924213,0.8052276584583042,0.1879190592723143
1.174949183302566,0.6593311901128492,0.43521031194423565
-0.31656243437120746,0.2906725958641021,0.6654941703909304
1.078199298873875,0.33533496109959693,0.005036311295814149
1.2684528957995254,0.5717221054057203,0.38834329198440715
1.0599790667410705,-0.3119560019198783,-0.7769053030236246
1.323519867242237,0.5093601050795816,0.19023321757248876
0.4528895145927313,-1.2201199409878467,-1.623919092902978
0.8890380469638877,-1.0135403315084113,-0.371906358816681
0.5778683012446792,-0.18317854539678916,1.182347330065327
-0.023172431410626828,-0.2806041042173145,0.07763482904036965
1.0512923910239038,0.3914236147877753,0.26617888504918985
1.1882780315748964,0.6454242557890987,0.14509906915548665
-0.7472678018767654,0.21467076819775016,0.5539081579589158
0.7954332753243311,-1.013230591045109,-1.7316950900858992
0.9738080919474644,0.5763057433081171,0.5142042476638184
0.31303309616225977,0.8779091076142701,0.1788850947400308
1.0229453323825777,-0.7136199095518205,-1.1570955040284425
0.7749789038685416,-1.1526711827878835,-0.16563520139547958
-0.20931382898181372,-1.1894241911402859,-1.1678282649164529
1.0160867311779884,0.3635483110675599,0.558531018569835
-1.6616168071562698,-0.865314836208589,0.8949145470160623
1.1037168632946843,-0.02800304886842802,0.02987290399340735
0.8608685557881881,0.5036502541195959,0.6614721959327423
1.0127355737795798,-0.32800841318605556,-0.6023167139651859
1.2095262438447334,0.27647268705402017,-0.0034183121445761624
1.1033787354995557,0.07185831337737934,0.12533274149671042
1.0916161629042653,-0.03859518512095822,0.6591607429973215
0.9174487516541914,0.4078367393131135,0.6971366955757771
0.8442738303004764,0.7432753997062307,0.6028961139069661
0.4335820189458293,-1.2666961991105905,-0.5491033878570375
1.080230196684151,0.22343703146351995,-0.1933872403048363
1.0932528351227735,0.17854044222408155,0.017000507017234462
-0.6311376823758662,0.2217574092896104,0.6141521002222249
1.0589128477284888,-0.5201465275606929,0.14426477726492606
1.2156565396387158,-0.2502778766097681,0.008907829215752918
1.2171648196469853,0.31265801074878835,-0.008062856847352522
1.1510264588899175,0.14921908758525468,0.5238653975350893
0.7062588260155919,-2.1862781676102,-0.4098734251435501
0.6678437975505823,-0.22212106880963225,-1.1538443929033002
0.17227095089339206,-0.20680363110159505,-1.0679531933840547
0.6268697196614437,-0.4281133048627287,-0.396983038446497
1.1580977285873035,0.37205394256596547,0.18275957341401183
0.37723205541566196,-1.425850389089642,-0.6192779420441784
-1.6483656344143016,0.7489640578470986,-0.09837668791580943
0.385396094372323,0.5372850345340058,-0.025132047091263446
0.06015967295930092,-0.46257840768911396,0.8820115093485345
0.601630878481172,0.30558818668642895,0.38905862447916245
0.5742862639964876,-0.08739731306884603,1.2150391182441505
0.08130554092272273,1.2321046959597326,0.31259008975687663
0.16394420663711048,-1.8498394085756145,1.228387190234528
0.8613190603640781,0.02399696367662954,0.3245681482321122
-0.13311445046687578,0.3270812049799282,0.25785270241389185
-0.9076362382852472,0.887244717712341,0.2070245665044414
-0.14404062161459713,0.7973207159447413,0.20526614406180932
-1.1595216684949436,1.3190104863223822,0.2716667530228161
0.6851076758689152,0.3041359458901367,0.19753831989737508
-0.6668088137204884,1.0211182469358202,0.17130436333432353
-0.07701668160756485,0.055580782194443984,-0.38801257773999814
0.7820228998244323,-0.37615103486165175,-1.0031569270012075
0.5593203173696709,0.08988056809582126,-0.5400379984836434
0.034865915922489096,0.4138408112166656,-0.7205414633570008
0.7381363210819641,-1.7733758449016044,0.6801973137737036
-0.9412763607464268,0.05351073435994938,-0.10812861805851628
-0.5293845782878992,-2.5362843702153435,-0.6600169837735407
0.5530256712324584,0.5428875686014518,0.4131143109906846
0.845501487728429,0.17685188152876632,0.38521254453899806
-0.09305577205085039,0.5949266996056872,0.5491090935222782
0.2693264644049771,-1.2833884552257084,0.673558665445693
0.8151406882023998,0.0944045936271779,-0.8564551157181919
0.9325631250023195,0.41957779853631744,0.6985566950944941
0.26453911229679783,0.22020743000673215,-0.520856905407537
-0.870602460390215,-2.2208452400770033,-0.6055003521937199
0.9025200609961795,-1.6769155666814632,-1.4189803272125472
-3.465703618272416,1.039838005141691,-0.7131614111577032
0.9180227325786648,0.030046590620382133,0.25840804605589135
1.1051370903770878,0.8613378741904566,0.3051540405512262
